ttft,prompt_length,prompt_length_bin,prompt_length_bin_mid
9.110000000000582,1016,"(1015.691, 1016.062]",1015.8765000000001
8.968999999997322,1325,"(1324.938, 1325.0]",1324.969
