ttft,prompt_length
9.110000000000582,1016
8.968999999997322,1325
